1,中央図書館,03-5813-3740,120-0034,千住5-13-5,9:00,20:00,,月末最後の平日(3月は休日等にかかわらず3月31日),月の中旬に館の点検整備のため1日休館(主に月曜日),197,35.756577,139.802512,https://www.city.adachi.tokyo.jp/toshokan/shisetsu/toshokan/010.html
1,伊興図書館,03-3857-8501,121-0823,伊興2-4-22,9:00,20:00,,月末最後の平日(3月は休日等にかかわらず3月31日),月の中旬に館の点検整備のため1日休館(主に月曜日),32,35.791207,139.780993,https://www.city.adachi.tokyo.jp/toshokan/shisetsu/toshokan/001.html
1,梅田図書館,03-3840-4646,123-0851,梅田7-13-1,9:00,20:00,,月末最後の平日(3月は休日等にかかわらず3月31日),月の中旬に館の点検整備のため1日休館(主に月曜日),154,35.768336,139.800716,https://www.city.adachi.tokyo.jp/toshokan/shisetsu/toshokan/002.html
1,興本図書館,03-3889-0370,123-0844,興野1-18-38,9:00,20:00,,月末最後の平日(3月は休日等にかかわらず3月31日),月の中旬に館の点検整備のため1日休館(主に月曜日),66,35.768306,139.782379,https://www.city.adachi.tokyo.jp/toshokan/shisetsu/toshokan/003.html
1,江北図書館,03-3890-4488,123-0872,江北3-39-4,9:00,20:00,,月末最後の平日(3月は休日等にかかわらず3月31日),月の中旬に館の点検整備のため1日休館(主に月曜日),67,35.775859,139.760069,https://www.city.adachi.tokyo.jp/toshokan/shisetsu/toshokan/004.html
1,新田コミュニティ図書館,03-3912-1767,123-0865,新田2-2-2,9:00,20:00,,月末最後の平日(3月は休日等にかかわらず3月31日),月の中旬に館の点検整備のため1日休館(主に月曜日),34,35.771499,139.738115,https://www.city.adachi.tokyo.jp/toshokan/shisetsu/toshokan/007.html
1,江南コミュニティ図書館,03-3913-0460,123-0046,小台2-4-18,9:00,20:00,,月末最後の平日(3月は休日等にかかわらず3月31日),月の中旬に館の点検整備のため1日休館(主に月曜日),27,35.755856,139.757475,https://www.city.adachi.tokyo.jp/toshokan/shisetsu/toshokan/015.html
1,佐野図書館,03-3628-3275,121-0053,佐野2-43-5,9:00,20:00,,月末最後の平日(3月は休日等にかかわらず3月31日),月の中旬に館の点検整備のため1日休館(主に月曜日),22,35.788137,139.840248,https://www.city.adachi.tokyo.jp/toshokan/shisetsu/toshokan/005.html
1,鹿浜図書館,03-3857-6551,123-0864,鹿浜6-8-1,9:00,20:00,,月末最後の平日(3月は休日等にかかわらず3月31日),月の中旬に館の点検整備のため1日休館(主に月曜日),0,35.783972,139.758271,https://www.city.adachi.tokyo.jp/toshokan/shisetsu/toshokan/006.html
1,竹の塚図書館,03-3859-9966,121-0813,竹の塚2-25-17,9:00,20:00,,月末最後の平日(3月は休日等にかかわらず3月31日),月の中旬に館の点検整備のため1日休館(主に月曜日),35,35.792631,139.794598,https://www.city.adachi.tokyo.jp/toshokan/shisetsu/toshokan/009.html
1,東和図書館,03-3628-6203,120-0003,東和3-12-9,9:00,20:00,,月末最後の平日(3月は休日等にかかわらず3月31日),月の中旬に館の点検整備のため1日休館(主に月曜日),33,35.771103,139.839570,https://www.city.adachi.tokyo.jp/toshokan/shisetsu/toshokan/011.html
1,舎人図書館,03-3857-0771,121-0831,舎人1-3-26,9:00,20:00,,月末最後の平日(3月は休日等にかかわらず3月31日),月の中旬に館の点検整備のため1日休館(主に月曜日),36,35.806068,139.773204,https://www.city.adachi.tokyo.jp/toshokan/shisetsu/toshokan/012.html
1,花畑図書館,03-3850-2601,121-0061,花畑4-16-8,9:00,20:00,,月末最後の平日(3月は休日等にかかわらず3月31日),月の中旬に館の点検整備のため1日休館(主に月曜日),42,35.802827,139.807458,https://www.city.adachi.tokyo.jp/toshokan/shisetsu/toshokan/013.html
1,保塚図書館,03-3858-1553,121-0072,保塚町7-16,9:00,20:00,,月末最後の平日(3月は休日等にかかわらず3月31日),月の中旬に館の点検整備のため1日休館(主に月曜日),38,35.786691,139.816105,https://www.city.adachi.tokyo.jp/toshokan/shisetsu/toshokan/014.html
1,やよい図書館,03-3852-1433,121-0011,中央本町3-15-1,9:00,20:00,,月末最後の平日(3月は休日等にかかわらず3月31日),月の中旬に館の点検整備のため1日休館(主に月曜日),88,35.772250,139.809721,https://www.city.adachi.tokyo.jp/toshokan/shisetsu/toshokan/016.html
2,ゆいの森あらかわ図書館,03-3891-4349,116-0002,荒川2-50-1,9:30,20:30,,第3木曜日,,621,35.739490,139.783823,https://www.city.arakawa.tokyo.jp/a018/shisetsuannai/koukyoushisetsu/toshokan001.html
2,尾久図書館,03-3800-5821,116-0012,東尾久8-45-4,9:30,19:30,土・日曜日、祝日は~5PM,月曜日(祝日の場合は翌日),第2木曜日,208,35.752255,139.764508,https://www.city.arakawa.tokyo.jp/a019/shisetsuannai/koukyoushisetsu/toshokan005.html
2,日暮里図書館,03-3803-1645,116-0014,東日暮里6-38-4,9:30,19:30,土・日曜日、祝日は~5PM,月曜日(祝日の場合は翌日),第3木曜日,110,35.731180,139.774993,https://www.city.arakawa.tokyo.jp/a019/shisetsuannai/koukyoushisetsu/toshokan004.html
2,町屋図書館,03-3892-9821,116-0001,町屋5-11-18,9:30,19:30,土・日曜日、祝日は~5PM,月曜日(祝日の場合は翌日),第3木曜日,81,35.751277,139.778956,https://www.city.arakawa.tokyo.jp/a019/shisetsuannai/koukyoushisetsu/toshokan003.html
2,南千住図書館,03-3807-9221,116-0003,南千住6-63-1,9:30,19:30,土・日曜日、祝日は~5PM,月曜日(祝日の場合は翌日),第2木曜日,101,35.737450,139.795424,https://www.city.arakawa.tokyo.jp/a019/shisetsuannai/koukyoushisetsu/toshokan002.html
3,中央図書館,03-6281-0291,174-0071,常盤台4-3-1,9:00,20:00,,第2月曜日(祝日の場合は翌平日)、月末日(土･日曜日､祝日の場合は翌平日),3月31日,227,35.760026,139.691511,https://www.city.itabashi.tokyo.jp/library/toshokan/2000494/index.html
3,赤塚図書館,03-3939-5281,175-0092,赤塚6-38-1 赤塚庁舎2階,9:00,20:00,,第3月曜日(祝日の場合は翌平日)、月末日(土･日曜日､祝日の場合は翌平日),3月31日,65,35.778715,139.644803,http://www.trc-itabashi.jp/lib_akatsuka/main.html
3,小茂根図書館,03-3554-8801,173-0037,小茂根1-6-2,9:00,20:00,,第3月曜日(祝日の場合は翌平日)、月末日(土･日曜日､祝日の場合は翌平日),3月31日,33,35.745567,139.680865,https://itabashi-komone-lib.jp/
3,清水図書館,03-3965-9701,174-0055,泉町16-16 清水地域センター3階,9:00,20:00,,第3月曜日(祝日の場合は翌平日)、月末日(土･日曜日､祝日の場合は翌平日),3月31日,9,35.766449,139.702166,https://shimizu-lib.jp/
3,志村図書館,03-5994-3021,174-0051,小豆沢1-8-1,9:00,20:00,,第3月曜日(祝日の場合は翌平日)、月末日(土･日曜日､祝日の場合は翌平日),3月31日,68,35.773232,139.700014,https://www.shimura-lib.jp/
3,高島平図書館,03-3939-6565,175-0082,高島平3-13-1,9:00,20:00,,第3月曜日(祝日の場合は翌平日)、月末日(土･日曜日､祝日の場合は翌平日),3月31日,100,35.787514,139.659091,http://www.trc-itabashi.jp/lib_takashimadaira/main.html
3,成増図書館,03-3977-6078,175-0094,成増3-13-1 アリエス3階,9:00,20:00,,第3月曜日(祝日の場合は翌平日)、月末日(土･日曜日､祝日の場合は翌平日),3月31日,65,35.778846,139.632360,http://www.trc-itabashi.jp/lib_narimasu/main.html
3,西台図書館,03-5399-1191,175-0045,西台3-13-2,9:00,20:00,,第3月曜日(祝日の場合は翌平日)、月末日(土･日曜日､祝日の場合は翌平日),3月31日,46,35.773986,139.668814,https://nishidai-lib.jp/
3,蓮根図書館,03-3965-7351,174-0046,蓮根3-15-1-101,9:00,20:00,,第3月曜日(祝日の場合は翌平日)、月末日(土･日曜日､祝日の場合は翌平日),3月31日,34,35.788859,139.676511,https://hasune-lib.jp/
3,東板橋図書館,03-3579-2666,173-0003,加賀1-10-15,9:00,20:00,,第3月曜日(祝日の場合は翌平日)、月末日(土･日曜日､祝日の場合は翌平日),3月31日,42,35.754429,139.715777,https://itabashi-higashiitabashi-lib.jp/
3,氷川図書館,03-3961-9981,173-0013,氷川町28-9,9:00,20:00,,第3月曜日(祝日の場合は翌平日)、月末日(土･日曜日､祝日の場合は翌平日),3月31日,55,35.753139,139.704839,https://itabashi-hikawa-lib.jp/
4,中央図書館,03-3656-6211,132-0021,中央3-1-3,9:00,21:30,,第4月曜日(祝日の場合は翌日),,163,35.710543,139.869755,https://www.library.city.edogawa.tokyo.jp/toshow/introduction/html/edg_chuo.php
4,葛西図書館,03-3687-6811,134-0013,江戸川6-24-1,9:00,21:30,,第4月曜日(祝日の場合は翌日),,99,35.675543,139.870847,https://www.library.city.edogawa.tokyo.jp/toshow/introduction/html/edg_kasai.php
4,小岩図書館,03-3672-0251,133-0052,東小岩3-6-9,9:00,21:30,,第4月曜日(祝日の場合は翌日),,108,35.731285,139.890507,https://www.library.city.edogawa.tokyo.jp/toshow/introduction/html/edg_koiwa.php
4,小松川図書館,03-3684-6381,132-0035,平井1-11-26,9:00,21:30,,第4月曜日(祝日の場合は翌日),,66,35.701490,139.850902,https://www.library.city.edogawa.tokyo.jp/toshow/introduction/html/edg_komatsu.php
4,篠崎図書館,03-3670-9102,133-0061,篠崎町7-20-19,9:00,21:30,,第4月曜日(祝日の場合は翌日),,65,35.705429,139.902971,https://www.library.city.edogawa.tokyo.jp/toshow/introduction/html/edg_shino.php
4,東部図書館,03-5666-1022,132-0013,江戸川2-26-1,9:00,21:30,,第4月曜日(祝日の場合は翌日),,101,35.684078,139.900066,https://www.library.city.edogawa.tokyo.jp/toshow/introduction/html/edg_tobu.php
4,西葛西図書館,03-5658-0751,134-0088,西葛西5-10-47,9:00,21:30,,第4月曜日(祝日の場合は翌日),,69,35.664834,139.862896,https://www.library.city.edogawa.tokyo.jp/toshow/introduction/html/edg_n_kasai.php
4,東葛西図書館,03-5658-4008,134-0084,東葛西8-22-1,9:00,21:30,,第4月曜日(祝日の場合は翌日),,58,35.654826,139.879604,https://www.library.city.edogawa.tokyo.jp/toshow/introduction/html/edg_h_kasai.php
4,松江図書館,03-3654-7251,132-0025,松江2-1-10,9:00,21:30,,第4月曜日(祝日の場合は翌日),,39,35.696903,139.871068,https://www.library.city.edogawa.tokyo.jp/toshow/introduction/html/edg_matsue.php
4,鹿骨コミュニティ図書館,03-3678-6891,133-0073,鹿骨1-54-2 鹿骨区民館内,9:00,17:00,,第4月曜日(祝日の場合は翌日),,16,35.709506,139.889719,https://www.library.city.edogawa.tokyo.jp/toshow/introduction/html/edg_shishi.php
4,清新町コミュニティ図書館,03-3878-1926,134-0087,清新町1-2-2 清新町コミュニティ会館内,9:00,21:30,,第4月曜日(祝日の場合は翌日),,30,35.658765,139.856031,https://www.library.city.edogawa.tokyo.jp/toshow/introduction/html/edg_seishin.php
5,大田図書館,03-3758-3051,145-0076,田園調布南25-1,9:00,19:00,,第2木曜日(祝日の場合は翌日),,223,35.581647,139.676192,https://www.city.ota.tokyo.jp/shisetsu/toshokan/ota.html
5,池上図書館,03-3752-3341,146-0082,池上6-3-10 エトモ池上4階,9:00,21:00,,第2木曜日(祝日の場合は翌日),,79,35.574772,139.703219,https://www.city.ota.tokyo.jp/shisetsu/toshokan/ikegami.html
5,入新井図書館,03-3763-3633,143-0016,大森北1-10-14 Luz大森4階,9:00,20:00,,第2木曜日(祝日の場合は翌日),,74,35.586493,139.728345,https://www.city.ota.tokyo.jp/shisetsu/toshokan/iriarai.html
5,大森西図書館,03-3763-1191,143-0015,大森西5-2-13,9:00,19:00,,第3木曜日(祝日の場合は翌日),,64,35.571837,139.726026,https://www.city.ota.tokyo.jp/shisetsu/toshokan/omori_nishi.html
5,大森東図書館,03-3763-9681,143-0012,大森東1-31-3-104,9:00,19:00,,第2木曜日(祝日の場合は翌日),,112,35.576256,139.738949,https://www.city.ota.tokyo.jp/shisetsu/toshokan/omori_higashi.html
5,大森南図書館,03-3744-8411,143-0013,大森南1-17-7,9:00,19:00,,第3木曜日(祝日の場合は翌日),,112,35.563458,139.739758,https://www.city.ota.tokyo.jp/shisetsu/toshokan/omori_minami.html
5,蒲田図書館,03-3738-2459,144-0031,東蒲田1-19-22,9:00,19:00,,第2木曜日(祝日の場合は翌日),,110,35.563696,139.728437,https://www.city.ota.tokyo.jp/shisetsu/toshokan/kamata.html
5,蒲田駅前図書館,03-3736-0131,144-0052,蒲田5-13-26-301,9:00,20:00,,第3木曜日(祝日の場合は翌日),,136,35.559828,139.715471,https://www.city.ota.tokyo.jp/shisetsu/toshokan/kamataekimae.html
5,久が原図書館,03-3753-3343,146-0085,久が原2-28-4,9:00,19:00,,第3木曜日(祝日の場合は翌日),,70,35.579341,139.695315,https://www.city.ota.tokyo.jp/shisetsu/toshokan/kugahara.html
5,下丸子図書館,03-3759-2454,146-0092,下丸子2-18-11,9:00,19:00,,第3木曜日(祝日の場合は翌日),,136,35.565882,139.688044,https://www.city.ota.tokyo.jp/shisetsu/toshokan/shimomaruko.html
5,洗足池図書館,03-3726-0401,145-0063,南千束2-2-10,9:00,19:00,,第2木曜日(祝日の場合は翌日),,92,35.600785,139.691946,https://www.city.ota.tokyo.jp/shisetsu/toshokan/senzokuike.html
5,多摩川図書館,03-3756-1251,146-0095,多摩川2-24-63,9:00,19:00,,第2木曜日(祝日の場合は翌日),,85,35.556040,139.702347,https://www.city.ota.tokyo.jp/shisetsu/toshokan/tamagawa.html
5,羽田図書館,03-3745-3221,144-0043,羽田1-11-1,9:00,19:00,,第3木曜日(祝日の場合は翌日),,67,35.550414,139.743502,https://www.city.ota.tokyo.jp/shisetsu/toshokan/haneda.html
5,浜竹図書館,03-3741-1185,144-0034,西糀谷3-32-7,9:00,19:00,,第2木曜日(祝日の場合は翌日),,70,35.553372,139.737395,https://www.city.ota.tokyo.jp/shisetsu/toshokan/hamatake.html
5,馬込図書館,03-3775-5401,143-0027,中馬込2-26-10,9:00,19:00,,第3木曜日(祝日の場合は翌日),,128,35.595681,139.710410,https://www.city.ota.tokyo.jp/shisetsu/toshokan/magome.html
5,六郷図書館,03-3732-4445,144-0045,南六郷3-10-3,9:00,19:00,,第3木曜日(祝日の場合は翌日),,84,35.543634,139.714574,https://www.city.ota.tokyo.jp/shisetsu/toshokan/rokugou.html
6,中央図書館,03-3607-9201,125-0042,金町6-2-1 ヴィナシス金町ブライトコート3階,9:00,22:00,日曜日､祝日は~8PM,第4木曜日(祝日の場合は翌日),年末年始、特別整理期間,283,35.768042,139.871306,https://www.lib.city.katsushika.lg.jp/contents?4&pid=323
6,西水元地区図書館,03-5660-2201,125-0031,西水元2-2-8 西水元あやめ園内,10:00,17:00,金曜日は~8PM,月曜日、第4木曜日(祝日の場合は翌日),年末年始、特別整理期間,16,35.784947,139.849061,https://www.lib.city.katsushika.lg.jp/contents?5&pid=331
6,青戸地区図書館,03-3838-1273,125-0062,青戸5-20-6 青戸地区センター内,10:00,17:00,金曜日は~8PM,月曜日、第4木曜日(祝日の場合は翌日),年末年始、特別整理期間,12,35.750147,139.854364,https://www.lib.city.katsushika.lg.jp/contents?6&pid=332
6,奥戸地区図書館,03-3696-2781,124-0022,奥戸3-5-1 南奥戸小学校内,10:00,17:00,金曜日は~8PM,月曜日、第4木曜日(祝日の場合は翌日),年末年始、特別整理期間,24,35.731692,139.860207,https://www.lib.city.katsushika.lg.jp/contents?7&pid=333
6,こすげ地区図書館,03-3601-3855,124-0001,小菅3-8-22 こすげ小学校敷地内,10:00,17:00,金曜日は~8PM,月曜日、第4木曜日(祝日の場合は翌日),年末年始、特別整理期間,12,35.753796,139.824833,https://www.lib.city.katsushika.lg.jp/contents?8&pid=334
6,お花茶屋図書館,03-3690-7661,124-0003,お花茶屋2-1-15,9:00,20:00,日曜日､祝日は~5PM,月曜日、第4木曜日(祝日の場合は翌日),年末年始、特別整理期間,83,35.751171,139.838706,https://www.lib.city.katsushika.lg.jp/contents?9&pid=325
6,鎌倉図書館,03-3650-7741,125-0053,鎌倉2-4-5,9:00,20:00,日曜日､祝日は~5PM,月曜日、第4木曜日(祝日の場合は翌日),年末年始、特別整理期間,115,35.745245,139.875339,https://www.lib.city.katsushika.lg.jp/contents?10&pid=329
6,上小松図書館,03-3696-7901,124-0023,東新小岩3-12-1 都営住宅1階,9:00,20:00,日曜日､祝日は~5PM,月曜日、第4木曜日(祝日の場合は翌日),年末年始、特別整理期間,90,35.722978,139.861865,https://www.lib.city.katsushika.lg.jp/contents?11&pid=326
6,亀有図書館,03-3690-1901,125-0061,亀有1-17-5 都営住宅5号棟1階,9:00,20:00,日曜日､祝日は~5PM,月曜日、第4木曜日(祝日の場合は翌日),年末年始、特別整理期間,120,35.759189,139.846026,https://www.lib.city.katsushika.lg.jp/contents?12&pid=327
6,立石図書館,03-3696-4451,124-0012,立石1-9-1,9:00,22:00,日曜日､祝日は~8PM,第4木曜日(祝日の場合は翌日),年末年始、特別整理期間,120,35.737278,139.845693,https://www.lib.city.katsushika.lg.jp/contents?13&pid=324
6,水元図書館,03-3627-3111,125-0033,東水元1-7-3,9:00,20:00,日曜日､祝日は~5PM,月曜日、第4木曜日(祝日の場合は翌日),年末年始、特別整理期間,98,35.778909,139.867538,https://www.lib.city.katsushika.lg.jp/contents?1&pid=328
6,にいじゅく地区図書館,03-3607-9105,125-0051,新宿3-7-1,9:00,17:00,,第4木曜日,年末年始、特別整理期間,6,35.759056,139.858957,https://www.lib.city.katsushika.lg.jp/contents?14&pid=336
7,中央図書館,03-5993-1125,114-0033,十条台1-2-5,9:00,20:00,日曜日､祝日､12月28日は~5PM,第1･3･5月曜日、3月･12月を除く毎月第4木曜日(ただし､令和3年7月は第3木曜日､9月は第4金曜日),3月31日(土･日･月曜日の場合は直前の金曜日),374,35.756263,139.729044,https://www.library.city.kita.tokyo.jp/viewer/info.html?id=1&g=12
7,中央図書館分室,03-3912-8566,114-0003,豊島1-14-12,9:00,19:00,土･日曜日､祝日､12月28日は~5PM,月曜日、3月･12月を除く毎月第4木曜日(ただし､令和3年7月は第3木曜日､9月は第4金曜日),3月31日(土･日･月曜日の場合は直前の金曜日),13,35.758446,139.739729,https://www.library.city.kita.tokyo.jp/viewer/info.html?id=15&g=12
7,滝野川図書館,03-3910-9092,114-0024,西ケ原1-23-3,9:00,20:00,日曜日､祝日､12月28日は~5PM,月曜日、3月･12月を除く毎月第4木曜日(ただし､令和3年7月は第3木曜日､9月は第4金曜日),3月31日(土･日･月曜日の場合は直前の金曜日),166,35.743446,139.747565,https://www.library.city.kita.tokyo.jp/viewer/info.html?id=16
7,赤羽図書館,03-3901-1992,115-0044,赤羽南1-13-1,9:00,20:00,日曜日､祝日､12月28日は~5PM,月曜日、3月･12月を除く毎月第4木曜日(ただし､令和3年7月は第3木曜日､9月は第4金曜日),3月31日(土･日･月曜日の場合は直前の金曜日),179,35.777712,139.723724,https://www.library.city.kita.tokyo.jp/viewer/info.html?id=20&g=12
7,浮間図書館,03-3965-6531,115-0051,浮間4-29-32,9:00,19:00,土･日曜日､祝日､12月28日は~5PM,月曜日、3月･12月を除く毎月第4木曜日(ただし､令和3年7月は第3木曜日､9月は第4金曜日),3月31日(土･日･月曜日の場合は直前の金曜日),46,35.790001,139.702704,https://www.library.city.kita.tokyo.jp/viewer/info.html?id=22&g=12
7,赤羽西図書館,03-3907-5992,115-0055,赤羽西5-7-5,9:00,19:00,土･日曜日､祝日､12月28日は~5PM,月曜日、3月･12月を除く毎月第4木曜日(ただし､令和3年7月は第3木曜日､9月は第4金曜日),3月31日(土･日･月曜日の場合は直前の金曜日),48,35.775440,139.710473,https://www.library.city.kita.tokyo.jp/viewer/info.html?id=24&g=12
7,昭和町図書館,03-3893-5418,114-0011,昭和町3-10-7,9:00,19:00,土･日曜日､祝日､12月28日は~5PM,月曜日、3月･12月を除く毎月第4木曜日(ただし､令和3年7月は第3木曜日､9月は第4金曜日),3月31日(土･日･月曜日の場合は直前の金曜日),68,35.749495,139.751368,https://www.library.city.kita.tokyo.jp/viewer/info.html?id=25&g=12
7,田端図書館,03-3828-5569,114-0014,田端3-16-2,9:00,19:00,土･日曜日､祝日､12月28日は~5PM,月曜日、3月･12月を除く毎月第4木曜日(ただし､令和3年7月は第3木曜日､9月は第4金曜日),3月31日(土･日･月曜日の場合は直前の金曜日),38,35.734411,139.756855,https://www.library.city.kita.tokyo.jp/viewer/info.html?id=27&g=12
7,上十条図書館,03-3905-3533,114-0034,上十条3-3-9,9:00,19:00,土･日曜日､祝日､12月28日は~5PM,月曜日、3月･12月を除く毎月第4木曜日(ただし､令和3年7月は第3木曜日､9月は第4金曜日),3月31日(土･日･月曜日の場合は直前の金曜日),24,35.760402,139.718432,https://www.library.city.kita.tokyo.jp/viewer/info.html?id=17&g=12
7,赤羽北図書館,03-3907-6412,115-0052,赤羽北1-18-1-111,9:00,19:00,土･日曜日､祝日､12月28日は~5PM,月曜日、3月･12月を除く毎月第4木曜日(ただし､令和3年7月は第3木曜日､9月は第4金曜日),3月31日(土･日･月曜日の場合は直前の金曜日),22,35.787216,139.712860,https://www.library.city.kita.tokyo.jp/viewer/info.html?id=18&g=12
7,東田端図書館,03-3810-4341,114-0012,田端新町2-14-15,9:00,19:00,土･日曜日､祝日､12月28日は~5PM,月曜日、3月･12月を除く毎月第4木曜日(ただし､令和3年7月は第3木曜日､9月は第4金曜日),3月31日(土･日･月曜日の場合は直前の金曜日),16,35.740577,139.764817,https://www.library.city.kita.tokyo.jp/viewer/info.html?id=19&g=12
7,神谷図書館,03-5249-1200,115-0043,神谷3-35-17,9:00,19:00,土･日曜日､祝日､12月28日は~5PM,月曜日、3月･12月を除く毎月第4木曜日(ただし､令和3年7月は第3木曜日､9月は第4金曜日),3月31日(土･日･月曜日の場合は直前の金曜日),12,35.771319,139.731087,https://www.library.city.kita.tokyo.jp/viewer/info.html?id=21&g=12
7,滝野川西図書館,03-3576-8800,114-0023,滝野川6-21-25,9:00,19:00,土･日曜日､祝日､12月28日は~5PM,月曜日、3月･12月を除く毎月第4木曜日(ただし､令和3年7月は第3木曜日､9月は第4金曜日),3月31日(土･日･月曜日の場合は直前の金曜日),12,35.745623,139.725914,https://www.library.city.kita.tokyo.jp/viewer/info.html?id=23&g=12
7,豊島図書館,03-3927-3421,114-0003,豊島3-27-22,9:00,19:00,土･日曜日､祝日､12月28日は~5PM,月曜日、3月･12月を除く毎月第4木曜日(ただし､令和3年7月は第3木曜日､9月は第4金曜日),3月31日(土･日･月曜日の場合は直前の金曜日),24,35.760469,139.747816,https://www.library.city.kita.tokyo.jp/viewer/info.html?id=26&g=12
7,東十条図書館,03-5390-6680,114-0001,東十条3-2-14,9:00,19:00,土･日曜日､祝日､12月28日は~5PM,月曜日、3月･12月を除く毎月第4木曜日(ただし､令和3年7月は第3木曜日､9月は第4金曜日),3月31日(土･日･月曜日の場合は直前の金曜日),30,35.765189,139.728595,https://www.library.city.kita.tokyo.jp/viewer/info.html?id=32&g=12
8,江東図書館,03-3640-3151,136-0076,南砂6-7-52,9:00,20:00,日曜日､祝日､12月28日は~7PM,第3金曜日(祝日の場合は前日の木曜日),1月4日,215,35.671844,139.834105,https://www.koto-lib.tokyo.jp/tabid90.html
8,亀戸図書館,03-3636-6061,136-0071,亀戸7-39-9,9:00,20:00,日曜日､祝日､12月28日は~7PM,第3金曜日(祝日の場合は前日の木曜日),1月4日,118,35.696976,139.839343,https://www.koto-lib.tokyo.jp/tabid104.html
8,東雲図書館,03-3529-1141,135-0062,東雲2-7-5-201 トミンタワー東雲2階,9:00,20:00,日曜日､祝日､12月28日は~7PM,第3金曜日(祝日の場合は前日の木曜日),1月4日,44,35.643542,139.805368,https://www.koto-lib.tokyo.jp/tabid98.html
8,城東図書館,03-3637-2751,136-0072,大島4-5-1 総合区民センター4階,9:00,21:00,日曜日､祝日､12月28日は~7PM,第3金曜日(祝日の場合は前日の木曜日),1月4日,46,35.689030,139.826987,https://www.koto-lib.tokyo.jp/tabid102.html
8,砂町図書館,03-3640-4646,136-0073,北砂5-1-7 砂町文化センター1階,9:00,20:00,日曜日､祝日､12月28日は~7PM,第1･3月曜日(祝日の場合は開館)、第3金曜日(祝日の場合は前日の木曜日),1月4日,106,35.680392,139.831958,https://www.koto-lib.tokyo.jp/tabid106.html
8,東陽図書館,03-3644-6121,135-0016,東陽2-3-6 教育センター1階,9:00,21:00,日曜日､祝日､12月28日は~7PM,第3金曜日(祝日の場合は前日の木曜日),1月4日,168,35.667477,139.816970,https://www.koto-lib.tokyo.jp/tabid94.html
8,豊洲図書館,03-3536-5931,135-0061,豊洲2-2-18 豊洲ショッピングセンター9･10階･11階の一部,9:00,21:00,日曜日､祝日､12月28日は~7PM,第3金曜日(祝日の場合は前日の木曜日),1月4日,125,35.654237,139.795271,https://www.koto-lib.tokyo.jp/tabid96.html
8,東大島図書館,03-3681-4646,136-0072,大島9-4-2-101,9:00,20:00,日曜日､祝日､12月28日は~7PM,第3金曜日(祝日の場合は前日の木曜日),1月4日,78,35.691063,139.845735,https://www.koto-lib.tokyo.jp/tabid108.html
8,深川図書館,03-3641-0062,135-0024,清澄3-3-39,9:00,20:00,日曜日､祝日､12月28日は~7PM,第3金曜日(祝日の場合は前日の木曜日),1月4日,92,35.679152,139.796765,https://www.koto-lib.tokyo.jp/tabid92.html
8,古石場図書館,03-5245-3101,135-0045,古石場2-13-2 古石場文化センター4階,9:00,20:00,日曜日､祝日､12月28日は~7PM,第1･3月曜日(祝日の場合は開館)、第3金曜日(祝日の場合は前日の木曜日),1月4日,44,35.666926,139.799054,https://www.koto-lib.tokyo.jp/tabid100.html
9,品川図書館,03-3471-4667,140-0001,北品川2-32-3,9:00,20:00,日曜日､祝日は~7PM,第4月曜日,,220,35.616874,139.742400,https://library.city.shinagawa.tokyo.jp/tabid/146/Default.aspx
9,荏原図書館,03-3784-2557,142-0053,中延1-9-15,9:00,20:00,日曜日､祝日は~7PM,第4月曜日,,41,35.612166,139.710676,https://library.city.shinagawa.tokyo.jp/tabid/148/Default.aspx
9,大井図書館,03-3777-7151,140-0014,大井5-19-14,9:00,20:00,日曜日､祝日は~7PM,第2木曜日,,44,35.598197,139.729048,https://library.city.shinagawa.tokyo.jp/tabid/152/Default.aspx
9,大崎図書館,03-3440-5600,141-0001,北品川5-2-1,9:00,20:00,日曜日､祝日は~7PM,第2木曜日,,112,35.618613,139.725768,https://library.city.shinagawa.tokyo.jp/tabid/154/Default.aspx
9,大崎図書館分館,03-3491-3430,141-0032,大崎3-12-22,9:00,20:00,日曜日､祝日は~7PM,第2木曜日,,29,35.6193693,139.7254692,https://library.city.shinagawa.tokyo.jp/tabid/314/Default.aspx
9,源氏前図書館,03-3781-6273,142-0053,中延4-14-17,9:00,20:00,日曜日､祝日は~7PM,第2木曜日,,35,35.605537,139.709936,https://library.city.shinagawa.tokyo.jp/tabid/150/Default.aspx
9,五反田図書館,03-3492-2131,141-0031,西五反田6-5-1,9:00,20:00,日曜日､祝日は~7PM,第4月曜日,,124,35.622538,139.716574,https://library.city.shinagawa.tokyo.jp/tabid/153/Default.aspx
9,二葉図書館,03-3782-2036,142-0043,二葉1-4-25,9:00,20:00,日曜日､祝日は~7PM,第2木曜日,,29,35.607995,139.726706,https://library.city.shinagawa.tokyo.jp/tabid/147/Default.aspx
9,南大井図書館,03-3761-6780,140-0013,南大井3-7-13,9:00,20:00,日曜日､祝日は~7PM,第2木曜日,,22,35.591688,139.734415,https://library.city.shinagawa.tokyo.jp/tabid/149/Default.aspx
9,八潮図書館,03-3799-1414,140-0003,八潮5-10-27,9:00,20:00,日曜日､祝日は~7PM,第2木曜日,,69,35.600197,139.751451,https://library.city.shinagawa.tokyo.jp/tabid/155/Default.aspx
9,ゆたか図書館,03-3785-6677,142-0042,豊町1-17-7,9:00,20:00,日曜日､祝日は~7PM,第2木曜日,,43,35.611578,139.7224352,https://library.city.shinagawa.tokyo.jp/tabid/151/Default.aspx
10,中央図書館,03-3403-2591,150-0001,神宮前1-4-1,9:00,21:00,日･月曜日､祝日は~6PM,第1月曜日、第3木曜日(いずれも祝日の場合は開館し直後の平日が休館日),,170,35.672458,139.706188,
10,こもれび大和田図書館,03-3464-4780,150-0031,桜丘町23-21 文化総合センター大和田2階,9:00,21:00,日曜日､祝日は~5PM,第2月曜日とその前週の火曜日、第4月曜日とその前週の火曜日、第2木曜日(いずれも祝日の場合は開館し直後の平日が休館日),,24,35.655458,139.699965,
10,笹塚図書館,03-3460-6784,151-0073,笹塚1-47-1 メルクマール京王笹塚4階,10:00,21:00,日曜日､祝日は~6PM,月曜日(祝日の場合は開館),第2木曜日(祝日の場合は開館し直後の平日が休館日),35,35.672230,139.667182,
10,笹塚こども図書館,03-3378-1983,151-0073,笹塚3-3-1,10:00,17:00,,月曜日、第2木曜日(いずれも祝日の場合は開館し直後の平日が休館日),,22,35.678711,139.669753,
10,渋谷図書館,03-3407-7544,150-0011,東1-6-6,9:00,19:00,日･月曜日､祝日は~5PM,第1月曜日とその翌週の火曜日、第3月曜日とその翌週の火曜日、第2木曜日(いずれも祝日の場合は開館し直後の平日が休館日),,119,35.656504,139.709774,
10,富ヶ谷図書館,03-3468-9020,151-0064,上原1-46-2,9:00,19:00,日･月曜日､祝日は~5PM,第1月曜日とその翌週の火曜日、第3月曜日とその翌週の火曜日、第2木曜日(いずれも祝日の場合は開館し直後の平日が休館日),,13,35.668508,139.687254,
10,西原図書館,03-3460-8535,151-0066,西原2-28-9,9:00,19:00,日･月曜日､祝日は~5PM,第1月曜日とその翌週の火曜日、第3月曜日とその翌週の火曜日、第2木曜日(いずれも祝日の場合は開館し直後の平日が休館日),,49,35.674953,139.677732,
10,本町図書館,03-5371-4833,151-0071,本町1-33-5,9:00,19:00,日･月曜日､祝日は~5PM,第1月曜日とその翌週の火曜日、第3月曜日とその翌週の火曜日、第2木曜日(いずれも祝日の場合は開館し直後の平日が休館日),,60,35.680752,139.681671,
10,代々木図書館,03-3370-7566,151-0053,代々木3-51-8 代々木区民施設4階,11:00,19:00,土･日曜日､祝日は9AM~5PM,火曜日、第3日曜日,第2木曜日(祝日の場合は開館し直後の平日が休館日),14,35.681984,139.695977,
10,臨川みんなの図書館,03-5793-9500,150-0012,広尾1-9-17,9:00,19:00,日･月曜日､祝日は~5PM,第2月曜日とその前週の火曜日、第4月曜日とその前週の火曜日、第2木曜日(いずれも祝日の場合は開館し直後の平日が休館日),,55,35.649416,139.716607,
11,中央図書館,03-3364-1421,169-0072,大久保3-1-1,9:00,21:45,日曜日､祝日は~6PM,月曜日(祝日の場合は開館し翌火曜日),第3木曜日(祝日の場合は開館し翌日),158,35.705244,139.707263,https://www.library.shinjuku.tokyo.jp/facility/
11,大久保図書館,03-3209-3812,169-0072,大久保2-12-7,9:00,21:45,日曜日､祝日は~6PM,火曜日(月･火曜日が祝日の場合は開館し翌水曜日)、第2木曜日(祝日の場合は開館し翌日),5･8･11･2月の第3日曜日,31,35.701416,139.706773,https://www.library.shinjuku.tokyo.jp/facility/okubo.html
11,北新宿図書館,03-3365-4755,169-0074,北新宿3-20-2,9:00,19:00,日曜日､祝日は~6PM,火曜日(月･火曜日が祝日の場合は開館し翌水曜日),第3木曜日(祝日の場合は開館し翌日),31,35.702962,139.689461,https://www.library.shinjuku.tokyo.jp/facility/kitashinjyuku.html
11,下落合図書館,03-3368-6100,161-0033,下落合1-9-8,9:00,21:45,日曜日､祝日は~6PM,火曜日(月･火曜日が祝日の場合は開館し翌水曜日),第2木曜日(祝日の場合は開館し翌日),37,35.716019,139.698795,https://www.library.shinjuku.tokyo.jp/facility/shimoochiai.html
11,角筈図書館,03-5371-0010,160-0023,西新宿4-33-7,9:00,21:45,日曜日､祝日は~6PM,火曜日(月･火曜日が祝日の場合は開館し翌水曜日)、第2木曜日(祝日の場合は開館し翌日),5･8･11･2月の第4日曜日,50,35.686218,139.689091,https://www.library.shinjuku.tokyo.jp/facility/tsunohazu.html
11,鶴巻図書館,03-3208-2431,162-0041,早稲田鶴巻町521,9:00,19:00,土･日曜日､祝日は~6PM(ただし､児童室は~6PM),火曜日(月･火曜日が祝日の場合は開館し翌水曜日),第3木曜日(祝日の場合は開館し翌日),22,35.707405,139.724700,https://www.library.shinjuku.tokyo.jp/facility/tsurumaki.html
11,戸山図書館,03-3207-1191,162-0052,戸山2-11-101,9:00,19:00,土･日曜日､祝日は~6PM(ただし､児童室は~6PM),月曜日(祝日の場合は開館し翌火曜日),第3木曜日(祝日の場合は開館し翌日),28,35.701951,139.714195,https://www.library.shinjuku.tokyo.jp/facility/toyama.html
11,中町図書館,03-3267-3121,162-0835,中町25,9:00,19:00,土･日曜日､祝日は~6PM,月曜日(祝日の場合は開館し翌火曜日),第3木曜日(祝日の場合は開館し翌日),22,35.698969,139.734577,https://www.library.shinjuku.tokyo.jp/facility/nakamachi.html
11,西落合図書館,03-3954-4373,161-0031,西落合4-13-17,9:00,19:00,土･日曜日､祝日は~6PM,月曜日(祝日の場合は開館し翌火曜日),第3木曜日(祝日の場合は開館し翌日),37,35.725769,139.678965,https://www.library.shinjuku.tokyo.jp/facility/nishiochiai.html
11,四谷図書館,03-3341-0095,160-8581,内藤町87,9:00,21:45,日曜日､祝日は~6PM,火曜日(月･火曜日が祝日の場合は開館し翌水曜日)、第2木曜日(祝日の場合は開館し翌日),5･8･11･2月の第3日曜日,84,35.687578,139.714447,https://www.library.shinjuku.tokyo.jp/facility/yotsuya.html
12,中央図書館,03-3391-5754,167-0051,荻窪3-40-23,9:00,20:00,日曜日､祝日は~5PM,第1･3木曜日(祝日の場合は、直後の第1月曜日を除く平日),,338,35.701890,139.626793,https://www.library.city.suginami.tokyo.jp/facilities/chuou.html
12,阿佐谷図書館,03-5373-1811,166-0001,阿佐谷北3-36-14,9:00,20:00,日曜日､祝日は~5PM,第1月･3木曜日(祝日の場合は、直後の第1木曜日を除く平日),,43,35.711697,139.633258,https://www.library.city.suginami.tokyo.jp/facilities/asagaya.html
12,今川図書館,03-3394-0431,167-0035,今川4-12-10,9:00,21:00,,第1月･3木曜日(祝日の場合は、直後の第1木曜日を除く平日),,44,35.715612,139.599825,https://www.library.city.suginami.tokyo.jp/facilities/imagawa.html
12,永福図書館,03-3322-7141,168-0064,永福3-51-17,9:00,21:00,,第1･3木曜日(祝日の場合は、直後の第1月曜日を除く平日),,0,35.680747,139.640793,https://www.library.city.suginami.tokyo.jp/facilities/eifuku.html
12,柿木図書館,03-3394-3801,167-0023,上井草1-6-13,9:00,20:00,日曜日､祝日は~5PM,第1月･3木曜日(祝日の場合は、直後の第1木曜日を除く平日),,32,35.720275,139.612121,https://www.library.city.suginami.tokyo.jp/facilities/kakinoki.html
12,高円寺図書館,03-3316-2421,166-0003,高円寺南2-36-25,9:00,20:00,日曜日､祝日は~5PM,第1月･3木曜日(祝日の場合は、直後の第1木曜日を除く平日),,76,35.700401,139.654107,https://www.library.city.suginami.tokyo.jp/facilities/kouenji.html
12,下井草図書館,03-3396-7999,167-0022,下井草3-26-5,9:00,20:00,日曜日､祝日は~5PM,第1･3木曜日(祝日の場合は、直後の第1月曜日を除く平日),,27,35.720941,139.623257,https://www.library.city.suginami.tokyo.jp/facilities/simoigusa.html
12,高井戸図書館,03-3290-3456,168-0072,高井戸東1-28-1,9:00,20:00,日曜日､祝日は~5PM,第1月･3木曜日(祝日の場合は、直後の第1木曜日を除く平日),,42,35.681266,139.622321,https://www.library.city.suginami.tokyo.jp/facilities/takaido.html
12,成田図書館,03-3317-0341,166-0015,成田東3-28-5,9:00,20:00,日曜日､祝日は~5PM,第1･3木曜日(祝日の場合は、直後の第1月曜日を除く平日),,20,35.695071,139.637513,https://www.library.city.suginami.tokyo.jp/facilities/narita.html
12,西荻図書館,03-3301-1670,167-0042,西荻北2-33-9,9:00,20:00,日曜日､祝日は~5PM,第1･3木曜日(祝日の場合は、直後の第1月曜日を除く平日),,29,35.707809,139.605958,https://www.library.city.suginami.tokyo.jp/facilities/nishiogi.html
12,方南図書館,03-5355-7100,168-0062,方南1-51-2,9:00,20:00,日曜日､祝日は~5PM,第1月･3木曜日(祝日の場合は、直後の第1木曜日を除く平日),,39,35.678993,139.660059,https://www.library.city.suginami.tokyo.jp/facilities/hounan.html
12,南荻窪図書館,03-3335-7377,167-0052,南荻窪1-10-2,9:00,20:00,日曜日､祝日は~5PM,第1月･3木曜日(祝日の場合は、直後の第1木曜日を除く平日),,25,35.695031,139.614540,https://www.library.city.suginami.tokyo.jp/facilities/minamiogikubo.html
12,宮前図書館,03-3333-5166,168-0081,宮前5-5-27,9:00,20:00,日曜日､祝日は~5PM,第1･3木曜日(祝日の場合は、直後の第1月曜日を除く平日),,122,35.693197,139.598933,https://www.library.city.suginami.tokyo.jp/facilities/miyamae.html
13,ひきふね図書館,03-5655-2350,131-0046,京島1-36-5 マークフロントタワー曳舟,9:00,21:00,こどもとしょしつは~6PM､日曜日・祝日は~5PM,第3木曜日(祝日の場合は翌日),,173,35.717105,139.819579,https://www.library.sumida.tokyo.jp/contents?4&pid=28
13,立花図書館,03-3618-2620,131-0043,立花6-8-1-101,9:00,20:00,日曜日､祝日は~5PM,第3木曜日(祝日の場合は翌日),,25,35.710679,139.834917,https://www.library.sumida.tokyo.jp/contents?5&pid=31
13,緑図書館,03-3631-4621,130-0021,緑2-24-5,9:00,20:00,日曜日､祝日は~5PM,第3木曜日(祝日の場合は翌日),,114,35.695762,139.800611,https://www.library.sumida.tokyo.jp/contents?6&pid=29
13,八広図書館,03-3616-0846,131-0041,八広5-10-1-104,9:00,20:00,日曜日､祝日は~5PM,第3木曜日(祝日の場合は翌日),,32,35.725003,139.825802,https://www.library.sumida.tokyo.jp/contents?7&pid=30
14,中央図書館,03-3429-1811,154-0016,弦巻3-16-8,10:00,19:00,月曜日､祝日は~5PM,月の最終木曜日,,114,35.637717,139.644332,https://libweb.city.setagaya.tokyo.jp/main/list_00101info.shtml
14,梅丘図書館,03-3323-8261,155-0033,代田4-38-10,9:00,21:00,日･月曜日、祝日は~8PM,第3木曜日,,108,35.657451,139.654721,https://libweb.city.setagaya.tokyo.jp/main/list_00201info.shtml
14,奥沢図書館,03-3720-2096,158-0083,奥沢3-47-8,9:00,19:00,祝日は~5PM,月曜日(祝日の場合は翌日),,54,35.603639,139.672651,https://libweb.city.setagaya.tokyo.jp/main/list_00205info.shtml
14,尾山台図書館,03-3703-2581,158-0082,等々力2-17-14,9:00,19:00,月曜日､祝日は~5PM,第3木曜日,,26,35.605777,139.652384,https://libweb.city.setagaya.tokyo.jp/main/list_00203info.shtml
14,粕谷図書館,03-3305-1661,157-0063,粕谷4-13-6,9:00,19:00,祝日は~5PM,月曜日(祝日の場合は翌日),,29,35.663119,139.605106,https://libweb.city.setagaya.tokyo.jp/main/list_00214info.shtml
14,鎌田図書館,03-3709-6311,157-0077,鎌田3-35-1,9:00,19:00,祝日は~5PM,月曜日(祝日の場合は翌日),,43,35.622324,139.613486,https://libweb.city.setagaya.tokyo.jp/main/list_00213info.shtml
14,上北沢図書館,03-3290-3411,156-0057,上北沢3-8-9,9:00,19:00,祝日は~5PM,月曜日(祝日の場合は翌日),,36,35.667601,139.625667,https://libweb.city.setagaya.tokyo.jp/main/list_00212info.shtml
14,烏山図書館,03-3326-3521,157-0062,南烏山6-2-19,9:00,19:00,月曜日､祝日は~5PM,第2木曜日,,56,35.668820,139.600551,https://libweb.city.setagaya.tokyo.jp/main/list_00208info.shtml
14,砧図書館,03-3482-2271,157-0072,祖師谷3-10-4,9:00,19:00,月曜日､祝日は~5PM,第2木曜日,,72,35.642272,139.604076,https://libweb.city.setagaya.tokyo.jp/main/list_00204info.shtml
14,経堂図書館,03-5451-0071,156-0051,宮坂3-1-30,9:00,21:00,日･月曜日､祝日は~8PM,第3木曜日,,42,35.651562,139.637821,https://libweb.city.setagaya.tokyo.jp/main/list_00215info.shtml
14,桜丘図書館,03-3439-0741,156-0054,桜丘5-14-1,9:00,19:00,月曜日､祝日は~5PM,月曜日(祝日の場合は翌日),,14,35.644834,139.622119,https://libweb.city.setagaya.tokyo.jp/main/list_00211info.shtml
14,下馬図書館,03-3418-6531,154-0002,下馬2-32-1,9:00,19:00,月曜日､祝日は~5PM,月曜日(祝日の場合は翌日),,54,35.641496,139.676261,https://libweb.city.setagaya.tokyo.jp/main/list_00209info.shtml
14,世田谷図書館,03-3419-1911,154-0023,若林4-22-13,9:00,21:00,日･月曜日､祝日は~8PM,第2木曜日,,51,35.645903,139.654908,https://libweb.city.setagaya.tokyo.jp/main/list_00202info.shtml
14,代田図書館,03-3469-5638,155-0033,代田6-34-13,9:00,19:00,月曜日、祝日は~5PM,第2木曜日,,25,35.662811,139.660649,https://libweb.city.setagaya.tokyo.jp/main/list_00207info.shtml
14,玉川台図書館,03-3709-4164,158-0096,玉川台1-6-15,9:00,19:00,祝日は~5PM,月曜日(祝日の場合は翌日),,20,35.622959,139.633057,https://libweb.city.setagaya.tokyo.jp/main/list_00206info.shtml
14,深沢図書館,03-3705-4341,158-0081,深沢4-33-11,9:00,19:00,祝日は~5PM,月曜日(祝日の場合は翌日),,18,35.620254,139.653776,https://libweb.city.setagaya.tokyo.jp/main/list_00210info.shtml
14,池尻図書室,03-3413-3396,154-0001,池尻3-27-21,9:00,17:00,,月曜日(祝日の場合は翌日),,8,35.6498245,139.6787308,https://libweb.city.setagaya.tokyo.jp/main/list_00303info.shtml
15,中央図書館,03-5246-5911,111-8621,西浅草3-25-16 生涯学習センター1階･2階,9:00,20:00,日曜日､祝日は~5PM,第3木曜日(祝日の場合は翌日),,98,35.717291,139.789868,https://www.city.taito.lg.jp/library/lib-annai/chuo/index.html
15,中央図書館浅草橋分室,03-3863-0082,111-0053,浅草橋2-8-7 浅草橋区民館2階･3階,9:30,19:00,日曜日は~5PM,、祝日、第2日曜日、第5月曜日の前日、第3木曜日(祝日の場合は翌日),月曜日(ただし第2日曜日の翌日と第5月曜日は開館),19,35.6995136,139.7833879,https://www.city.taito.lg.jp/library/lib-annai/asakusabashi/index.html
15,中央図書館谷中分室,03-3824-4041,110-0001,谷中5-6-5 谷中防災コミュニティーセンター3階,9:30,19:00,日曜日は~5PM,祝日、第2日曜日、第5月曜日の前日、第3木曜日(祝日の場合は翌日),月曜日(ただし第2日曜日の翌日と第5月曜日は開館),31,35.7256235,139.7666565,https://www.city.taito.lg.jp/library/lib-annai/yanaka/index.html
15,根岸図書館,03-3876-2101,110-0003,根岸5-18-13 都営根岸5丁目アパート2階,9:30,19:00,日曜日は~5PM,祝日、第1月曜日の前日、第3木曜日(祝日の場合は翌日),月曜日(ただし第1曜日は開館),31,35.729252,139.790448,https://www.city.taito.lg.jp/library/lib-annai/negishi/index.html
16,京橋図書館,03-3543-9025,104-0045,築地1-1-1,9:00,20:00,土曜日は~7PM､日曜日､祝日は~5PM,第3木曜日(祝日の場合は翌日),,72,35.670630,139.772000,https://www.library.city.chuo.tokyo.jp/contents?4&pid=11
16,日本橋図書館,03-3669-6207,103-0013,日本橋人形町1-1-17,9:00,20:00,土曜日は~7PM､日曜日､祝日は~5PM,第4木曜日(祝日の場合は翌日),,104,35.684773,139.781493,https://www.library.city.chuo.tokyo.jp/contents?3&pid=12
16,月島図書館,03-3532-4391,104-0052,月島4-1-1,9:00,20:00,土曜日は~7PM､日曜日､祝日は~5PM,第4木曜日(祝日の場合は翌日),,85,35.662043,139.782269,https://www.library.city.chuo.tokyo.jp/contents?5&pid=13
17,千代田図書館,03-5211-4290,102-8688,九段南1-2-1 千代田区役所9･10階,10:00,22:00,土曜日は~7PM､日曜日､祝日､年末は~5PM,第4日曜日,,164,35.693997,139.753585,https://www.library.chiyoda.tokyo.jp/chiyoda/
17,昌平まちかど図書館,03-3251-5641,101-0021,外神田3-4-7,9:00,20:00,,第2日曜日,,8,35.701223,139.769873,https://www.library.chiyoda.tokyo.jp/shohei/
17,神田まちかど図書館,03-3256-6061,101-0048,神田司町2-16,9:00,20:00,,第3日曜日,,6,35.693357,139.768304,https://www.library.chiyoda.tokyo.jp/kanda/
17,日比谷図書文化館,03-3502-3343,100-0012,日比谷公園1-4,10:00,22:00,土曜日は~7PM､日曜日､祝日は~5PM,第3月曜日,,210,35.671872,139.754602,https://www.library.chiyoda.tokyo.jp/hibiya/
17,四番町図書館,03-3239-6357,102-0075,三番町14-7,9:00,20:00,土曜日は~7PM､日曜日､祝日､年末は~5PM,第1日曜日,,29,35.690453,139.741601,https://www.library.chiyoda.tokyo.jp/yonbancho/
18,中央図書館,03-3983-7861,170-8442,東池袋4-5-2 ライズアリーナビル4･5階,10:00,22:00,土･日曜日､祝日は~6PM,第2月曜日、第4金曜日,,177,35.726957,139.718920,https://www.library.toshima.tokyo.jp/contents?1&pid=40
18,上池袋図書館,03-3940-1779,170-0012,上池袋2-45-15,9:00,20:00,土・日曜日､祝日は~6PM,第1火曜日、第4金曜日,,55,35.738552,139.717009,https://www.library.toshima.tokyo.jp/contents?2&pid=43
18,駒込図書館,03-3940-5751,170-0003,駒込2-2-2,9:00,20:00,土・日曜日､祝日は~6PM,第1火曜日、第4金曜日,,43,35.737238,139.747410,https://www.library.toshima.tokyo.jp/contents?3&pid=41
18,池袋図書館,03-3985-7981,171-0014,池袋3-29-10,9:00,20:00,土・日曜日､祝日は~6PM,第1火曜日、第4金曜日,,32,35.735940,139.705831,https://www.library.toshima.tokyo.jp/contents?4&pid=89
18,目白図書館,03-3950-7121,171-0031,目白4-31-8,9:00,20:00,土・日曜日､祝日は~6PM,第1火曜日、第4金曜日,,41,35.725760,139.698851,https://www.library.toshima.tokyo.jp/contents?5&pid=44
18,巣鴨図書館,03-3910-3608,170-0002,巣鴨3-8-2,9:00,19:00,土・日曜日､祝日は~6PM,第1火曜日、第4金曜日,,67,35.733959,139.733130,https://www.library.toshima.tokyo.jp/contents?6&pid=42
18,千早図書館,03-3955-8361,171-0044,千早2-44-2,9:00,19:00,土・日曜日､祝日は~6PM,第1火曜日、第4金曜日,,105,35.735620,139.688442,https://www.library.toshima.tokyo.jp/contents?7&pid=45
19,中央図書館,03-5340-5070,164-0001,中野2-9-7,9:00,21:00,,原則最終金曜日(祝日の場合は前日),第2月曜日(祝日の場合は翌日、ただし2･6･11月は第4月曜日),150,35.704456,139.671765,https://library.city.tokyo-nakano.lg.jp/facility/chuo.html
19,江古田図書館,03-3319-9301,165-0022,江古田2-1-11,9:00,20:00,,原則最終金曜日(祝日の場合は前日),第2月曜日(祝日の場合は翌日),7,35.724899,139.669068,https://library.city.tokyo-nakano.lg.jp/facility/egota.html
19,上高田図書館,03-3319-5411,164-0002,上高田5-30-15,9:00,20:00,,原則最終金曜日(祝日の場合は前日),第2木曜日(祝日の場合は翌日),8,35.718764,139.675142,https://library.city.tokyo-nakano.lg.jp/facility/kamitakada.html
19,鷺宮図書館,03-3337-1044,165-0032,鷺宮3-22-5,9:00,20:00,,原則最終金曜日(祝日の場合は前日),第2木曜日(祝日の場合は翌日),27,35.723436,139.639805,https://library.city.tokyo-nakano.lg.jp/facility/saginomiya.html
19,野方図書館,03-3389-0214,165-0027,野方3-19-5,9:00,20:00,,原則最終金曜日(祝日の場合は前日),第2月曜日(祝日の場合は翌日),75,35.717446,139.654271,https://library.city.tokyo-nakano.lg.jp/facility/nogata.html
19,東中野図書館,03-3366-9581,164-0003,東中野1-35-5,9:00,20:00,,原則最終金曜日(祝日の場合は前日),第2木曜日(祝日の場合は翌日),20,35.704584,139.684825,https://library.city.tokyo-nakano.lg.jp/facility/nakanohigashi.html
19,本町図書館,03-3373-1666,164-0012,本町2-13-2,9:00,20:00,,原則最終金曜日(祝日の場合は前日),第2月曜日(祝日の場合は翌日),31,35.694713,139.677821,
19,南台図書館,03-3380-2661,164-0014,南台3-26-18,9:00,20:00,,原則最終金曜日(祝日の場合は前日),第2木曜日(祝日の場合は翌日),16,35.685390,139.665695,https://library.city.tokyo-nakano.lg.jp/facility/minamidai.html
20,光が丘図書館,03-5383-6500,179-0072,光が丘4-1-5,9:00,20:00,土･日曜日､祝日は~7PM,第1･3･4･5月曜日,,93,35.76312775,139.6300333,https://www.lib.nerima.tokyo.jp/institution/detail/3
20,稲荷山図書館,03-3921-4641,178-0062,大泉町1-3-18,9:00,20:00,土･日曜日､祝日は~7PM,第1･3･4･5月曜日,,13,35.76531636,139.6092,https://www.lib.nerima.tokyo.jp/institution/detail/10
20,大泉図書館,03-3921-0991,178-0061,大泉学園町2-21-17,9:00,20:00,土･日曜日､祝日は~7PM,第1･3･4･5月曜日,,45,35.76074513,139.586944,https://www.lib.nerima.tokyo.jp/institution/detail/7
20,小竹図書館,03-5995-1121,176-0004,小竹町2-43-1,9:00,20:00,土･日曜日､祝日は~7PM,第1･3･4･5月曜日,,14,35.74190544,139.6759918,https://www.lib.nerima.tokyo.jp/institution/detail/11
20,春日町図書館,03-5241-1311,179-0074,春日町5-31-2-201,9:00,21:00,,第1･3･4･5月曜日,,21,35.7512985,139.6393136,https://www.lib.nerima.tokyo.jp/institution/detail/14
20,石神井図書館,03-3995-2230,177-0045,石神井台1-16-31,9:00,20:00,土･日曜日､祝日は~7PM,第1･3･4･5月曜日,,35,35.73648593,139.5993942,https://www.lib.nerima.tokyo.jp/institution/detail/5
20,関町図書館,03-3929-5391,177-0053,関町南3-11-2,9:00,20:00,土･日曜日､祝日は~7PM,第2･3･4･5月曜日,,37,35.72095905,139.5803185,https://www.lib.nerima.tokyo.jp/institution/detail/8
20,貫井図書館,03-3577-1831,176-0021,貫井1-36-16,9:00,21:00,,第1･3･4･5月曜日,,50,35.73699984,139.6359237,https://www.lib.nerima.tokyo.jp/institution/detail/9
20,練馬図書館,03-3992-1580,176-0012,豊玉北6-8-1,9:00,20:00,土･日曜日､祝日は~7PM,第1･3･4･5月曜日,,31,35.73402099,139.6520603,https://www.lib.nerima.tokyo.jp/institution/detail/4
20,平和台図書館,03-3931-9581,179-0083,平和台1-36-17,9:00,20:00,土･日曜日､祝日は~7PM,第2･3･4･5月曜日,,73,35.76000134,139.664822,https://www.lib.nerima.tokyo.jp/institution/detail/6
20,南大泉図書館,03-5387-3600,178-0064,南大泉1-44-7,9:00,20:00,土･日曜日､祝日は~7PM,第2･3･4･5月曜日,,16,35.74337104,139.5747662,https://www.lib.nerima.tokyo.jp/institution/detail/12
20,南大泉図書館分室,03-3925-4151,178-0064,南大泉3-17-20,9:00,20:00,土･日曜日､祝日は~7PM,第2･3･4･5月曜日,,6,35.74164022,139.5699321,https://www.lib.nerima.tokyo.jp/institution/detail/13
20,南田中図書館,03-5393-2411,177-0035,南田中5-15-22,9:00,20:00,土･日曜日､祝日は~7PM,第1･3･4･5月曜日,,25,35.73761177,139.6110638,https://www.lib.nerima.tokyo.jp/institution/detail/15
21,真砂中央図書館,03-3815-6801,113-0033,本郷4-8-15,9:00,21:00,日曜日､祝日､12月29日は~7PM,第4月曜日,,108,35.708550,139.757085,https://www.lib.city.bunkyo.tokyo.jp/lib01-masago.html
21,本郷図書館,03-3828-2070,113-0022,千駄木3-2-6 汐見地域センター内,9:00,21:00,日曜日､祝日､12月29日は~7PM,第4月曜日,,41,35.725545,139.761477,https://www.lib.city.bunkyo.tokyo.jp/lib02-hongo.html
21,小石川図書館,03-3814-6745,112-0002,小石川5-9-20,9:00,21:00,日曜日､祝日､12月29日は~7PM,第3月曜日,,106,35.716990,139.740126,https://www.lib.city.bunkyo.tokyo.jp/lib03-koishi.html
21,本駒込図書館,03-3828-4117,113-0021,本駒込4-35-15,9:00,21:00,日曜日､祝日､12月29日は~7PM,第3月曜日,,63,35.733349,139.755447,https://www.lib.city.bunkyo.tokyo.jp/lib04-honkoma.html
21,水道端図書館,03-3945-1621,112-0005,水道2-16-14,9:00,21:00,日曜日､祝日､12月29日は~7PM,第3月曜日,,81,35.710629,139.737718,https://www.lib.city.bunkyo.tokyo.jp/lib05-suido.html
21,目白台図書館,03-3943-5641,112-0014,関口3-17-9,9:00,21:00,日曜日､祝日､12月29日は~7PM,第4月曜日,,22,35.715131,139.725508,https://www.lib.city.bunkyo.tokyo.jp/lib06-mejiro.html
21,千石図書館,03-3946-7748,112-0011,千石1-25-3,9:00,20:00,日曜日､祝日､12月29日は~7PM,第4月曜日,,14,35.727541,139.743701,https://www.lib.city.bunkyo.tokyo.jp/lib07-sengoku.html
21,湯島図書館,03-3814-9242,113-0033,本郷3-10-18 湯島総合センター4階,9:00,21:00,日曜日､祝日､12月29日は~7PM,第3月曜日,,23,35.703930,139.763714,https://www.lib.city.bunkyo.tokyo.jp/lib08-yushima.html
21,根津図書室,03-3824-2608,113-0031,根津2-20-7 不忍通りふれあい館2階,9:00,21:00,日曜日､祝日は~7PM,第3月曜日、12月29日,,10,35.719214,139.764256,https://www.lib.city.bunkyo.tokyo.jp/lib09-nedu.html
21,大塚公園みどりの図書室,03-3945-0734,112-0012,大塚4-49-2,9:00,21:00,日曜日､祝日､12月29日は~7PM,第3月曜日,,4,35.723788,139.732387,https://www.lib.city.bunkyo.tokyo.jp/lib10-otsuka.html
22,みなと図書館,03-3437-6621,105-0011,芝公園3-2-25,9:00,20:00,日曜日､祝日､12月28日は~5PM,第3木曜日(祝日の場合は前日の水曜日),,107,35.659904,139.750144,https://www.lib.city.minato.tokyo.jp/j/minato.html
22,赤坂図書館,03-3408-5090,107-0062,南青山1-3-3 青山1丁目タワー3階,9:00,20:00,日曜日､祝日､12月28日は~5PM,第3木曜日(祝日の場合は前日の水曜日),,80,35.671642,139.725401,https://www.lib.city.minato.tokyo.jp/j/akasaka.html
22,麻布図書館,03-3585-9225,106-0032,六本木5-12-24,9:00,20:00,日曜日､祝日､12月28日は~5PM,第3木曜日(祝日の場合は前日の水曜日),,114,35.657555,139.735864,https://www.lib.city.minato.tokyo.jp/j/azabu.html
22,港南図書館,03-3458-1085,108-0075,港南3-3-17 シティハイツ港南1~3階,9:00,20:00,日曜日､祝日､12月28日は~5PM,第3木曜日(祝日の場合は前日の水曜日),,58,35.632980,139.749563,https://www.lib.city.minato.tokyo.jp/j/kounan.html
22,高輪図書館,03-5421-7617,108-0074,高輪1-16-25 高輪コミュニティーぷらざ3階,9:00,20:00,日曜日､祝日､12月28日は~5PM,第3木曜日(祝日の場合は前日の水曜日),,65,35.642092,139.734268,https://www.lib.city.minato.tokyo.jp/j/takanawa.html
22,高輪図書館分室,03-3443-1666,108-0074,高輪1-4-35 高輪子ども中高生プラザ3階,9:30,20:00,祝日、第3木曜日,,,48,35.642373,139.734814,https://www.lib.city.minato.tokyo.jp/j/takanawaannex.html
22,三田図書館,03-3452-4951,108-0014,芝5-28-4,9:00,20:00,日曜日､祝日､12月28日は~5PM,第3木曜日(祝日の場合は前日の水曜日）,,246,35.647051,139.745220,https://www.lib.city.minato.tokyo.jp/j/mita.html
23,八雲中央図書館,03-5701-2795,152-0023,八雲1-1-1,9:00,21:00,日曜日､祝日､12月28日は~5PM,第1月曜日(祝日の場合は直後の平日),,166,35.621684,139.672995,https://www.meguro-library.jp/locations/yakumo-loc/
23,大橋図書館,03-3770-3101,153-0044,大橋1-5-1 クロスエアタワー9階,9:00,19:00,日曜日､祝日､12月28日は~5PM,第1月曜日(祝日の場合は直後の平日),,66,35.651494,139.688491,https://www.meguro-library.jp/locations/ohashi-loc/
23,洗足図書館,03-3719-7651,152-0012,洗足2-8-26,9:00,19:00,日曜日､祝日､12月28日は~5PM,月曜日(祝日の場合は直後の平日),,40,35.612341,139.692376,https://www.meguro-library.jp/locations/senzoku-loc/
23,緑が丘図書館,03-3723-0661,152-0034,緑が丘2-14-23,9:00,19:00,日曜日､祝日､12月28日は~5PM,月曜日(祝日の場合は直後の平日),,25,35.609353,139.673304,https://www.meguro-library.jp/locations/midorigaoka-loc/
23,目黒区民センター図書館,03-3711-1138,153-0063,目黒2-4-36,9:00,19:00,日曜日､祝日､12月28日は~5PM,月曜日(祝日の場合は直後の平日),,75,35.635734,139.708251,https://www.meguro-library.jp/locations/megurokumin-loc/
23,目黒本町図書館,03-3792-6325,152-0002,目黒本町2-1-20,9:00,19:00,日曜日､祝日､12月28日は~5PM,月曜日(祝日の場合は直後の平日),,45,35.625238,139.695228,https://www.meguro-library.jp/locations/megurohoncho-loc/
23,守屋図書館,03-3711-7465,153-0053,五本木2-20-15,9:00,19:00,日曜日､祝日､12月28日は~5PM,月曜日(祝日の場合は直後の平日),,50,35.634099,139.689114,https://www.meguro-library.jp/locations/moriya-loc/